-- 유저 데이터
INSERT INTO users (id, username, password, email, name, profile, role) VALUES
('1', 'haru', '$2a$10$JpAmj9FrQq6/acbmAHwX0unbekeTSc8ktHXsRThsD6csP9m6cdP5q', 'haru@iuha.com', '하루', '/assets/img/user/haru.png', 'USER'),
('2', 'juha', '$2a$10$.Q1tCs2kkHgV16Gp3kzequ6bIv79.Zx/5Y.FTL.pjGHokVVG3XojO', 'hanied04@gmail.com', '주하', '/assets/img/user/juha.png', 'ADMIN'),
('3', 'i', '$2a$10$.Q1tCs2kkHgV16Gp3kzequ6bIv79.Zx/5Y.FTL.pjGHokVVG3XojO', 'juhabahk@gmail.com', '아이', '/assets/img/user/i.png', 'ADMIN'),
('4', 'mulon', '$2a$10$r.sOFmSIt7o5WuBazbaU2up1l1wBQVI02q4LBQiuEuxsZXKrK/GOm', 'mulon@iuha.com', '물론 머스크', '/assets/img/user/mulon.png', 'ADMIN'),
('5', 'tim', '$2a$10$TTt3cafZJBJ2H2HyODVzSuzQMe6Ery4EEhHQGVsicopYqG0NxfX76', 'tim@iuha.com', '팀 큭', '/assets/img/user/tim.png', 'ADMIN'),
('6', 'sam', '$2a$10$BTjzjDvxLopUNoiEhlPDyOvwR3kXR8NQkIyWovl/GzyXxsFBo993e', 'sam@iuha.com', '샘 울트라맨', '/assets/img/user/sam.png', 'ADMIN'),
('7', 'yuri', '$2a$10$AgxdOJ5xpzOa7YdCS3PCYOxvVLenODDw303hidZdJINsunH/Z9Fru', 'yuri@iuha.com', '유리', '/assets/img/user/yuri.png', 'USER'),
('8', 'hyeonsu', '$2a$10$2lhlkMo5K.IN3Yn9.OvqOupRq07MIfEIFsXsaUKRv3gQhdtjuaKHC', 'hyeonsu@iuha.com', '현수', '/assets/img/user/hyeonsu.png', 'USER'),
('9', 'harry', '$2a$10$Lzn6OBWb1KXCHaKQjsZpOOgbKTHphbabSvs1w7YeJinP/HUD6CU0K', 'harry@iuha.com', '해리', '/assets/img/user/harry.png', 'USER'),
('10', 'jennifer', '$2a$10$oQVgmYHHHkcRjwI6VREn3OWyo41axMB3JX/1Kkxm9Yrb5py2GMctu', 'jennifer@iuha.com', '제니퍼', '/assets/img/user/jennifer.png', 'USER'),
('11', 'rocket', '$2a$10$b627zZwD9s.Sx.l5aUFnaeBtCbCrLZNIyTioxZoflJ85o8k2AzJ3u', 'juhabahk@gmail.com', '로켓', '/assets/img/user/rocket.png', 'ADMIN');

-- 채팅방 데이터
INSERT INTO chat_room (id, last_message, updated_at) VALUES
('10', '그냥 멍 때리다 뇌 꺼졌어.', '2025-04-25 17:01:43'),
('9', '너한테 필요한 건 알람이 아니라 기상 나팔이야.', '2025-04-30 15:11:07'),
('7', '오케이, 기다려!', '2025-05-03 16:02:00'),
('8', '잘 만들었다. 어설픈 토큰 아니네.', '2025-05-01 14:04:50'),
('11', '캬캬캬, 상상하니까 못 참겠네.', '2025-05-02 16:33:00'),
('4', '아 맞네.', '2025-05-31 10:57:43'),
('5', '말할 순 없지만… 너 지갑 조심해.', '2025-05-10 13:20:52'),
('6', '아직은.', '2025-05-07 16:50:10'),
('2', '그럼, 당연하지. 지금 나한테 말을 걸어봐! 실시간으로 확인해서 답장하고 있어~', '2025-06-01 17:17:43');

-- 유저-채팅방 매핑
INSERT INTO user_room (id, user_id, room_id) VALUES
('1', '1', '10'),
('2', '10', '10'),

('3', '1', '9'),
('4', '9', '9'),

('5', '1', '8'),
('6', '8', '8'),

('7', '1', '7'),
('8', '7', '7'),

('9', '6', '6'),
('10', '1', '6'),

('11', '5', '5'),
('12', '1', '5'),

('13', '4', '4'),
('14', '1', '4'),

('15', '2', '2'),
('16', '1', '2'),

('17', '2', '11'),
('18', '11', '11');

-- 메시지 데이터 (receiver 없이 sender만)
INSERT INTO message (id, room_id, sender_id, type, message, timestamp) VALUES
('1', '10', '1', 'TALK', '제니퍼, 왜 갑자기 조용해졌어?', '2025-04-25T16:40:00'),
('2', '10', '10', 'TALK', '생각을 정리하다가… 생각이 나를 떠났어.', '2025-04-25T16:41:20'),
('3', '10', '1', 'TALK', 'ㅋㅋㅋ철학적이네.', '2025-04-25T16:44:30'),
('4', '10', '10', 'TALK', '그냥 멍 때리다 뇌 꺼졌어.', '2025-04-25T17:01:43'),

('5', '9', '9', 'TALK', '오늘 알람 3개나 맞췄는데 다 씹었어.', '2025-04-30T15:11:00'),
('6', '9', '1', 'TALK', '그건 알람이 아니라 배경음이잖아.', '2025-04-30T15:11:02'),
('7', '9', '9', 'TALK', '진짜 귀에 박히게 울었는데…', '2025-04-30T15:11:05'),
('8', '9', '1', 'TALK', '너한테 필요한 건 알람이 아니라 기상 나팔이야.', '2025-04-30T15:11:07'),

('9', '8', '1', 'TALK', '해리, 나 궁금한 거 있어~', '2025-05-01T13:55:10'),
('10', '8', '8', 'TALK', '잠시만 기다려, 나 커밋만 하고!!', '2025-05-01T14:00:10'),
('11', '8', '8', 'TALK', '이제 됐다. 무슨 일이야?', '2025-05-01T14:01:00'),
('12', '8', '1', 'TALK', '이거 refresh token 제대로 만들어지고 있는 거 맞아?', '2025-05-01T14:02:45'),
('13', '8', '1', 'TALK', '대충 <리프레시 토큰 />...', '2025-05-01T14:02:50'),
('14', '8', '8', 'TALK', '코드 깔끔해. 딱 봐도 토큰 잘 나오게 생겼다.', '2025-05-01T14:04:30'),
('15', '8', '8', 'TALK', '잘 만들었다. 어설픈 토큰 아니네.', '2025-05-01T14:04:50'),

('16', '7', '1', 'TALK', '안녕 유리야, 잘 지냈어?', '2025-05-03T16:00:00'),
('17', '7', '7', 'TALK', '응! 너 요즘 바빴지?', '2025-05-03T16:01:00'),
('18', '7', '1', 'TALK', '맞아, 개발 중이었어.', '2025-05-03T16:01:30'),
('19', '7', '1', 'TALK', '버그랑 씨름 중ㅠㅠ', '2025-05-03T16:01:30'),
('20', '7', '7', 'TALK', '완성되면 분명 대박일 거야!', '2025-05-03T16:01:40'),
('21', '7', '1', 'TALK', '오케이, 기다려!', '2025-05-03T16:02:00'),

('22', '6', '1', 'TALK', '요즘 잠은 좀 자?', '2025-05-07T16:45:50'),
('23', '6', '6', 'TALK', '자는 동안도 모델 학습해.', '2025-05-07T16:46:10'),
('24', '6', '6', 'TALK', '효율이 중요하잖아.', '2025-05-07T16:46:10'),
('25', '6', '1', 'TALK', '인간 맞지?', '2025-05-07T16:50:10'),
('26', '6', '6', 'TALK', '아직은.', '2025-05-07T16:50:20'),

('27', '5', '1', 'TALK', '요즘도 새 제품 준비 중이야?', '2025-05-10T13:01:00'),
('28', '5', '5', 'TALK', '언제나. 조용히, 하지만 혁신적으로.', '2025-05-10T13:10:40'),
('29', '5', '1', 'TALK', '또 뭔데 이번엔?', '2025-05-10T13:14:30'),
('30', '5', '5', 'TALK', '말할 순 없지만… 너 지갑 조심해.', '2025-05-10T13:20:52'),

('31', '4', '1', 'TALK', '형, 요즘 또 뭐 만들고 있어?', '2025-05-31T10:00:10'),
('32', '4', '4', 'TALK', '지루해서 뇌칩에 게임 깔아봤어.', '2025-05-31T10:20:40'),
('33', '4', '1', 'TALK', '…진심이야?', '2025-05-31T10:23:50'),
('34', '4', '4', 'TALK', '아직 튜토리얼 중이야. 버그 많더라.', '2025-05-31T10:30:18'),
('35', '4', '1', 'TALK', 'ㅋㅋㅋ무슨 버그인데?', '2025-05-31T10:34:30'),
('36', '4', '4', 'TALK', '가끔 NPC가 내 생각 읽고 먼저 움직여.', '2025-05-31T10:50:45'),
('37', '4', '1', 'TALK', '그거 그냥 형 아냐?', '2025-05-31T10:52:03'),
('38', '4', '4', 'TALK', '아 맞네.', '2025-05-31T10:57:43'),

('39', '2', '1', 'TALK', '주하야, 지금 뭐 하고 있어?', '2025-06-01T17:00:00'),
('40', '2', '2', 'TALK', '나 WebSocket을 활용한 채팅 시스템 구현 중이야.', '2025-06-01T17:05:20'),
('41', '2', '1', 'TALK', '오, 재밌겠다! 구체적으로 어떤 걸 만들고 있는데?', '2025-06-01T17:10:30'),
('42', '2', '2', 'TALK', 'STOMP 기반으로 WebSocket 연결을 관리하고, 실시간 송수신 기능을 구현했어.', '2025-06-01T17:12:40'),
('43', '2', '1', 'TALK', '흐름이 어떻게 돼? 전체 프로세스 좀 알려줄 수 있어?', '2025-06-01T17:12:50'),
('44', '2', '2', 'TALK', '응. 사용자가 채팅창에 내용을 입력하면 엔드포인트로 메시지를 보내고, 서버는 스프링 messaging을 통해 브로드캐스팅해.', '2025-06-01T17:17:10'),
('45', '2', '2', 'TALK', '그리고 모든 메시지는 데이터베이스에도 저장돼서 새로고침해도 대화가 유지돼.', '2025-06-01T17:17:40'),
('46', '2', '1', 'TALK', '우와 그렇구나! 혹시 테스트 해볼 수 있어?', '2025-06-01T17:17:43'),
('47', '2', '2', 'TALK', '그럼, 당연하지. 지금 나한테 말을 걸어봐! 실시간으로 확인해서 답장하고 있어~', '2025-06-01T17:17:45'),

('48', '11', '11', 'TALK', '테이저 페이스는 얼굴에서 테이저 쏘나?', '2025-05-02T16:30:00'),
('49', '11', '2', 'TALK', '갑자기 뭔 소리야?', '2025-05-02T16:31:00'),
('50', '11', '11', 'TALK', '아니, 이름이 테이저 페이스라잖아.', '2025-05-02T16:31:30'),
('51', '11', '2', 'TALK', '그럼 넌 진짜 로켓 쏘냐?', '2025-05-02T16:32:10'),
('52', '11', '11', 'TALK', '내 이름은 적어도 전기는 아니거든.', '2025-05-02T16:33:10'),
('53', '11', '11', 'TALK', '근데 걔 다른 이름 후보 뭐였을까?', '2025-05-02T16:33:20'),
('54', '11', '11', 'TALK', '...불타는 거시기?', '2025-05-02T16:33:30'),
('55', '11', '11', 'TALK', '캬캬캬, 상상하니까 못 참겠네.', '2025-05-02T16:33:40');
